[
  {
    "Id": "1045087",
    "ThreadId": "444052",
    "Html": "I use NXT .NET and am controlling NXT by Kinect. \r<br />\nAlthough EV3 is put on the market, is there any corresponding plan? <br />\n",
    "PostedDate": "2013-05-17T06:40:00.63-07:00",
    "UserRole": null,
    "MarkedAsAnswerDate": null
  },
  {
    "Id": "1118554",
    "ThreadId": "444052",
    "Html": "I was not an NXT user (simply because I had not started the robotics part of my tech life yet), but I am now an EV3 user, and have been a .NET user for over 10 years. I have been looking for a way to use .NET with EV3 ever since I got it. Although I had come across NXT.NET, I have hesitated to use it for the following reasons:<br />\n<ol>\n<li>When using third-party utilities and/or classes, I like to have either a new version when a new version of the product I am using it with is released or be able to see the actual source code</li>\n<li>\nBecause I am making Windows Store apps for Windows 8.1, which did not exist when NXT.NET was created, I want an updated version that uses the Windows.Devices.Bluetooth namespace<br />\n</li>\n</ol>\nBut what I would really like would be more documentation from LEGO about the technical specifications of EV3 and the Direct Commands so that I can write my own classes. I am not asking for Lego to give me any .NET code, I just want the documentation necessary about what information to send to and is received from EV3 so that I can write my own classes.<br />\n",
    "PostedDate": "2013-11-05T17:33:03.963-08:00",
    "UserRole": null,
    "MarkedAsAnswerDate": null
  }
]