[
  {
    "Id": "519654",
    "ThreadId": "234091",
    "Html": "\r\n<p>Hi,</p>\r\n<p>Is therea documentation available where I could get the information how the NXT is controlled remotely?</p>\r\n<p>&nbsp;</p>\r\n<p>At the moment could check and debug the NxtNet.DesktopLib code. But I also would be intersted from where this information are comming.</p>\r\n<p>&nbsp;</p>\r\n<p>What I mean is, where to get this information and the according parameters (sample):</p>\r\n<p>...</p>\r\n<p>&nbsp;&nbsp;&nbsp; &nbsp;&nbsp;&nbsp; LowSpeedGetStatus = 0x0E,<br>\r\n&nbsp;&nbsp;&nbsp; &nbsp;&nbsp;&nbsp; LowSpeedRead = 0x10,<br>\r\n&nbsp;&nbsp;&nbsp; &nbsp;&nbsp;&nbsp; LowSpeedWrite = 0x0F,<br>\r\n&nbsp;&nbsp;&nbsp; &nbsp;&nbsp;&nbsp; MessageRead = 0x13,<br>\r\n&nbsp;&nbsp;&nbsp; &nbsp;&nbsp;&nbsp; MessageWrite&nbsp; =0x09,<br>\r\n&nbsp;&nbsp;&nbsp; &nbsp;&nbsp;&nbsp; PlayTone = 0x03,<br>\r\n&nbsp;&nbsp;&nbsp; &nbsp;&nbsp;&nbsp; PlaySoundFile = 0x02,<br>\r\n&nbsp;&nbsp;&nbsp; &nbsp;&nbsp;&nbsp; ResetInputScaledValue = 0x08,<br>\r\n&nbsp;&nbsp;&nbsp; &nbsp;&nbsp;&nbsp; ResetMotorPosition = 0x0A</p>\r\n<p>...</p>\r\n<p>Thank you and Regards,</p>\r\n<p>Michael</p>\r\n",
    "PostedDate": "2010-11-09T15:30:00.553-08:00",
    "UserRole": null,
    "MarkedAsAnswerDate": null
  },
  {
    "Id": "519913",
    "ThreadId": "234091",
    "Html": "\r\n<p>&nbsp;Hello Michael,</p>\r\n<p>I wrote this library 2.5&#43; years ago, and to be honest I can't recall where did I get these magic constants. However I do remember, that it was very hard to get them from various sources around the internet, including other open source programs written in\r\n various languages and the official sources.</p>\r\n<p>Gy&ouml;rgy Bal&aacute;ssy</p>\r\n",
    "PostedDate": "2010-11-10T05:04:36.983-08:00",
    "UserRole": null,
    "MarkedAsAnswerDate": null
  }
]