[
  {
    "Id": "225956",
    "ThreadId": "66514",
    "Html": "<p>Hi, how can i use NXT.NET to get the rfid tag data?</p>\r\n<p>There is &nbsp;the RFID information.</p>\r\n<p><a href=\"http://www.codatex.com/index.php?en_LEGO_MINDSTORMS_NXT\">http://www.codatex.com/index.php?en_LEGO_MINDSTORMS_NXT</a></p>\r\n<p>(Excuse me , my English is so poor)</p>\r\n<p>Thanks.</p>",
    "PostedDate": "2009-08-20T10:27:59.84-07:00",
    "UserRole": null,
    "MarkedAsAnswerDate": null
  },
  {
    "Id": "480865",
    "ThreadId": "66514",
    "Html": "<p>Hi kayn,</p>\r\n<p>Sorry, but I never had an RFID sensor, so the library was never tested with it.</p>\r\n<p>:(</p>\r\n<p>Gy&ouml;rgy</p>",
    "PostedDate": "2010-08-16T00:59:31.02-07:00",
    "UserRole": null,
    "MarkedAsAnswerDate": null
  }
]