[
  {
    "Id": "263642",
    "ThreadId": "77118",
    "Html": "<p>I'm trying to use your library to control my robot, and everything is working excellently except ultrasonic sensor.</p>\r\n<p>I use</p>\r\n<p>...</p>\r\n<p>robot.SetInputMode(ultrasonicPort, SensorType.LowSpeed9V, SensorMode.Raw);</p>\r\n<p>...</p>\r\n<p>And have a function to read the sensor:</p>\r\n<p>public int sonicRead()<br> {<br> return robot.GetInputValues(usonicPort).ScaledValue;<br> }</p>\r\n<p>But this always returns 1023.</p>\r\n<p>I've tried setting the different SensorMode, as well as reading RawValue, but everything either returns 1023, or 100 (as in 100%).</p>\r\n<p>Is there any way I can get a proper reading from ultrasonic sensor?</p>",
    "PostedDate": "2009-12-04T06:58:54.387-08:00",
    "UserRole": null,
    "MarkedAsAnswerDate": null
  },
  {
    "Id": "454017",
    "ThreadId": "77118",
    "Html": "<p>Hi, I do this to read the ultrasonic sensor values.</p>\r\n<p>&nbsp;</p>\r\n<p>&nbsp;private void btnUltraSensor_Click(object sender, EventArgs e)<br>&nbsp;&nbsp;&nbsp;&nbsp;&nbsp;&nbsp;&nbsp; {<br>&nbsp;&nbsp;&nbsp;&nbsp;&nbsp;&nbsp;&nbsp;&nbsp;&nbsp;&nbsp;&nbsp; Cursor.Current = Cursors.WaitCursor;<br>&nbsp;&nbsp;&nbsp;&nbsp;&nbsp;&nbsp;&nbsp;&nbsp;&nbsp;&nbsp;&nbsp;&nbsp;&nbsp; this._nxt.LowSpeedWrite((SensorPort)this.cboBoxUltra.SelectedIndex, new byte[] { 0x02, 0x42 }, 1);<br>&nbsp;&nbsp;&nbsp;&nbsp;&nbsp;&nbsp;&nbsp;&nbsp;&nbsp;&nbsp;&nbsp;&nbsp;&nbsp; System.Threading.Thread.Sleep(2000);<br>&nbsp;&nbsp;&nbsp;&nbsp;&nbsp;&nbsp;&nbsp;&nbsp;&nbsp;&nbsp;&nbsp;&nbsp;&nbsp; byte[] readValues = this._nxt.LowSpeedRead((SensorPort)this.cboBoxUltra.SelectedIndex);<br>&nbsp;&nbsp;&nbsp;&nbsp;&nbsp;&nbsp;&nbsp; &nbsp;&nbsp; &nbsp;&nbsp; this.txtBoxUltra.Text = readValues[0].ToString();<br>&nbsp;&nbsp;&nbsp;&nbsp;&nbsp;&nbsp;&nbsp;&nbsp;&nbsp;&nbsp;&nbsp; Cursor.Current = Cursors.Default;<br>&nbsp;&nbsp;&nbsp;&nbsp;&nbsp;&nbsp;&nbsp; }</p>\r\n<p>&nbsp;</p>\r\n<p>It works for the Mobile Devices.</p>",
    "PostedDate": "2010-06-10T08:01:21.88-07:00",
    "UserRole": null,
    "MarkedAsAnswerDate": null
  },
  {
    "Id": "454052",
    "ThreadId": "77118",
    "Html": "Thanks for the info. :)<br><br>-----Original Message-----<br>From: chustas [mailto:[email removed]<br>Sent: Thu 6/10/2010 5:01 PM<br>To: Goran Narancic<br>Subject: Re: Ultrasonic sensor [NxtNet:77118]<br> <br>From: chustas<br><br>Hi, I do this to read the ultrasonic sensor values.  private void btnUltraSensor_Click(object sender, EventArgs e)<br>        {<br>            Cursor.Current = Cursors.WaitCursor;<br>              this._nxt.LowSpeedWrite((SensorPort)this.cboBoxUltra.SelectedIndex, new byte[] { 0x02, 0x42 }, 1);<br>              System.Threading.Thread.Sleep(2000);<br>              byte[] readValues = this._nxt.LowSpeedRead((SensorPort)this.cboBoxUltra.SelectedIndex);<br>              this.txtBoxUltra.Text = readValues[0].ToString();<br>            Cursor.Current = Cursors.Default;<br>        } It works for the Mobile Devices. <br><br>",
    "PostedDate": "2010-06-10T08:51:42.17-07:00",
    "UserRole": null,
    "MarkedAsAnswerDate": null
  }
]