[
  {
    "Id": "612283",
    "ThreadId": "257504",
    "Html": "\r\n<p>Hi,</p>\r\n<p>This project is great and has opened up the NXT to many more possibilities. It seems there are a number of people using the code and changing it to work with new sensors and to fix the bugs. I am asking if anyone has taken over this project to keep it up\r\n to date? I think it needs a revival. Especially with the more powerful windows handsets available now. 1Ghz of processing could make quite the soccer bot. hahaha</p>\r\n<p>I am interested to add to this project, but was wondering if any of the original developers were keen to get back into this.</p>\r\n<p>Thanks</p>\r\n<p>the bodgybrothers</p>\r\n",
    "PostedDate": "2011-05-13T03:13:57.42-07:00",
    "UserRole": null,
    "MarkedAsAnswerDate": null
  }
]