[
  {
    "Id": "27570",
    "Title": "Source",
    "LatestDate": "2010-08-16T00:57:39.81-07:00"
  },
  {
    "Id": "33676",
    "Title": "Difference to using Microsoft Robotics Studio",
    "LatestDate": "2008-08-17T01:34:45.707-07:00"
  },
  {
    "Id": "66514",
    "Title": "About RFID Sensor",
    "LatestDate": "2010-08-16T00:59:31.02-07:00"
  },
  {
    "Id": "77118",
    "Title": "Ultrasonic sensor",
    "LatestDate": "2010-06-10T08:51:42.17-07:00"
  },
  {
    "Id": "223787",
    "Title": "NTX 2.0 Color sensor",
    "LatestDate": "2010-08-18T13:23:34.633-07:00"
  },
  {
    "Id": "234090",
    "Title": "Controlling the Motor",
    "LatestDate": "2010-11-10T05:08:12.497-08:00"
  },
  {
    "Id": "234091",
    "Title": "Docu for NXT Raw Commands",
    "LatestDate": "2010-11-10T05:04:36.983-08:00"
  },
  {
    "Id": "257504",
    "Title": "Project Continuation?",
    "LatestDate": "2011-05-13T03:13:57.42-07:00"
  },
  {
    "Id": "444052",
    "Title": "EV3 .NET?",
    "LatestDate": "2013-11-05T17:33:03.963-08:00"
  },
  {
    "Id": "653515",
    "Title": "Need to rotate motor ",
    "LatestDate": "2016-04-12T21:49:10.38-07:00"
  },
  {
    "Id": "653606",
    "Title": "Where can I find the source code for DLL?",
    "LatestDate": "2016-04-14T21:26:47.34-07:00"
  },
  {
    "Id": "654543",
    "Title": "How to Synchronize two motors? ",
    "LatestDate": "2016-05-10T23:57:56.017-07:00"
  }
]