[
  {
    "Id": "481294",
    "ThreadId": "223787",
    "Html": "<p>Hi, i currently use your nxt.net library and all work ;p&nbsp;</p>\r\n<p>But i don't find anything about the color sensor.</p>\r\n<p>can you help about that ? i want to get back the value of the sensor and turn on/off the blue/green/red light.</p>\r\n<p>thanks</p>",
    "PostedDate": "2010-08-17T02:33:06.873-07:00",
    "UserRole": null,
    "MarkedAsAnswerDate": null
  },
  {
    "Id": "481719",
    "ThreadId": "223787",
    "Html": "Hi Nephilim,\r\n\r\nSorry, but this library was implemented at the time of NXT 1.0, when there was no color sensor available yet. Because I don't have NXT 2.0, I can't test the library with it, so I have no idea how can they work together. I'm really sorry :(\r\n\r\nGyörgy",
    "PostedDate": "2010-08-18T00:38:41.667-07:00",
    "UserRole": null,
    "MarkedAsAnswerDate": null
  },
  {
    "Id": "481753",
    "ThreadId": "223787",
    "Html": "<p>ok thanks, i'll go see in the fantom sdk or other document to find an isue. i'll see in a forum i'll can access to the color sensor to use direct command to IOmap. if i'll find something i'll be update the topic with the solution.</p>",
    "PostedDate": "2010-08-18T02:15:20.127-07:00",
    "UserRole": null,
    "MarkedAsAnswerDate": null
  },
  {
    "Id": "482034",
    "ThreadId": "223787",
    "Html": "<p>Hi balassy, I found information about how to pilot the lego mindstorm nxt 2.0 color sensor.</p>\r\n<p>I suppose you use the direct command from the Lego SDK to write your library.</p>\r\n<p>&nbsp;</p>\r\n<p>you'll need to use two command, SETINPUTMODE and GETINPUTVALUE</p>\r\n<p>&nbsp;</p>\r\n<p>at this time in the sdk they referenced only 13 type of input (0x00 to 0x0C) but there is 5 new input with the 1.28 firmware (0x0D to 0x11)</p>\r\n<p>0x0D : COLORFULL      -&gt; NXT color sensor in color detector mode</p>\r\n<p>0x0E : COLORRED       -&gt; NXT color sensor in Light sensor mode with red light on</p>\r\n<p>0x0F : COLORGREEN   -&gt; NXT color sensor in Light sensor mode with green light on</p>\r\n<p>0x10 : COLORBLUE      -&gt; NXT Color sensor in Light sensor mode with blue light on</p>\r\n<p>0x11 : COLORNONE    -&gt; NXT Color sensor in Light sensor mode with no light</p>\r\n<p>&nbsp;</p>\r\n<p>so to use the color sensor you'll have to send the SETINPUTMODE like that</p>\r\n<p>byte 0 : 0x00 or 0x80</p>\r\n<p>byte 1 : 0x05</p>\r\n<p>byte 2 : Input port (0x00 to 0x03)</p>\r\n<p>Byte 3 : Sensor type : here 0x0D</p>\r\n<p>byte 4 : Sensor mode : here you must use raw mode so 0x00</p>\r\n<p>&nbsp;</p>\r\n<p>to get the color value back you'll have to send the GETINPUTVALUE like that</p>\r\n<p>byte 0 : 0x00</p>\r\n<p>byte 1 : 0x07</p>\r\n<p>byte 2 : Input port (0x00 to 0x03)</p>\r\n<p>&nbsp;</p>\r\n<p>and the nxt get you back the message with the value of color detected</p>\r\n<p>byte 0 : 0x02</p>\r\n<p>byte 1 : 0x07</p>\r\n<p>byte 2 : Status byte (0x00 if no error)</p>\r\n<p>byte 3 : Input port (0x00 to 0x03)</p>\r\n<p>byte 4 : Valid ? (Boolean, True(0x01) if new data value should be seen as valid data)</p>\r\n<p>byte 5 : Calibrated (Boolean, True(0x01) if calibration file found) i don't test that so in message the byte is at 0x00</p>\r\n<p>byte 6 : Sensor type, here 0x0D for color sensor mode</p>\r\n<p>byte 7 : Sensor mode, here 0x00 for raw mode</p>\r\n<p>byte 8 - 9 : Raw A/D value, here 0x00 0x00</p>\r\n<p>byte 10 - 11 : Normalizer A/D Value, here 0x00 0x00</p>\r\n<p>byte 12 - 13 Scaled value, here appear the value of the color</p>\r\n<p>Black 0x01 0x00</p>\r\n<p>Blue 0x02 0x00</p>\r\n<p>Green 0x03 0x00</p>\r\n<p>Yellow 0x04 0x00</p>\r\n<p>Red 0x05 0x00</p>\r\n<p>White 0x06 0x00</p>\r\n<p>byte 14 - 15 Calibrated value, currently unused so 0x00 0x00</p>\r\n<p>&nbsp;</p>\r\n<p>I hope all those information can help you to implement your library.</p>\r\n<p>&nbsp;</p>\r\n<p>(sorry if my english is not very good but i'm french ;) )</p>",
    "PostedDate": "2010-08-18T13:23:34.633-07:00",
    "UserRole": null,
    "MarkedAsAnswerDate": null
  }
]