[
  {
    "Id": "91979",
    "ThreadId": "27570",
    "Html": "Hi,<br>\r\n<br>\r\nRequesting for the source code as per the instructions.   If there is a download link / attachment pl. forward it.<br>\r\n<br>\r\nThanks\r\n",
    "PostedDate": "2008-05-12T10:08:20.41-07:00",
    "UserRole": null,
    "MarkedAsAnswerDate": null
  },
  {
    "Id": "112527",
    "ThreadId": "27570",
    "Html": "Seconded - Why hold the source hostage? I already respect you for your work on this.\r\n",
    "PostedDate": "2008-08-20T20:12:25.067-07:00",
    "UserRole": null,
    "MarkedAsAnswerDate": null
  },
  {
    "Id": "148004",
    "ThreadId": "27570",
    "Html": "I also would like to get access to the source.\r\n",
    "PostedDate": "2009-01-17T15:27:00.46-08:00",
    "UserRole": null,
    "MarkedAsAnswerDate": null
  },
  {
    "Id": "480864",
    "ThreadId": "27570",
    "Html": "<p>I made the source code available in May.</p>\r\n<p>Hope this helps,<br>Gy&ouml;rgy</p>",
    "PostedDate": "2010-08-16T00:57:39.81-07:00",
    "UserRole": null,
    "MarkedAsAnswerDate": null
  }
]