[
  {
    "Id": "519651",
    "ThreadId": "234090",
    "Html": "\r\n<p>Hi,</p>\r\n<p>I try to rotate my motor for a certain number of degrees (e.g. 360 for one whole rotation).</p>\r\n<p>But this does not work as expected. Sometimes it rotates only a quarter and sometimes it rotates two or more whole rotations.</p>\r\n<p>The code I'm using for my test is as follows - what am I doing wrong?</p>\r\n<p>&nbsp;</p>\r\n<p>this._nxt.SetOutputState<br>\r\n&nbsp;&nbsp;&nbsp;&nbsp;&nbsp;&nbsp;&nbsp; (<br>\r\n&nbsp;&nbsp;&nbsp;&nbsp;&nbsp;&nbsp;&nbsp; MotorPort.PortA, <br>\r\n&nbsp;&nbsp;&nbsp;&nbsp;&nbsp;&nbsp;&nbsp; 100, <br>\r\n&nbsp;&nbsp;&nbsp;&nbsp;&nbsp;&nbsp;&nbsp; MotorModes.On, <br>\r\n&nbsp;&nbsp;&nbsp;&nbsp;&nbsp;&nbsp;&nbsp; MotorRegulationMode.Idle,<br>\r\n&nbsp;&nbsp;&nbsp;&nbsp;&nbsp;&nbsp;&nbsp; 0, <br>\r\n&nbsp;&nbsp;&nbsp;&nbsp;&nbsp;&nbsp;&nbsp; MotorRunState.Running, <br>\r\n&nbsp;&nbsp;&nbsp;&nbsp;&nbsp;&nbsp;&nbsp; 360<br>\r\n&nbsp;&nbsp;&nbsp;&nbsp;&nbsp;&nbsp;&nbsp; );</p>\r\n<p>&nbsp;</p>\r\n<p>Thanks for your help, Regards</p>\r\n<p>Michael</p>\r\n",
    "PostedDate": "2010-11-09T15:26:49.527-08:00",
    "UserRole": null,
    "MarkedAsAnswerDate": null
  },
  {
    "Id": "519915",
    "ThreadId": "234090",
    "Html": "\r\n<p>Hi Michael,</p>\r\n<p>I'm afraid it might be a bug in the library, there remained some in the motor control logic. As the &quot;Current project status&quot; section says on the Home page the motor control is not fully tested. However you have the full source code...</p>\r\n<p>I'm sorry for the inconvenience and thanks for understanding.</p>\r\n<p>Gy&ouml;rgy Bal&aacute;ssy</p>\r\n",
    "PostedDate": "2010-11-10T05:08:12.497-08:00",
    "UserRole": null,
    "MarkedAsAnswerDate": null
  }
]