{
  "WorkItem": {
    "AffectedComponent": {
      "Name": "",
      "DisplayName": ""
    },
    "ClosedComment": "",
    "ClosedDate": null,
    "CommentCount": 0,
    "Custom": null,
    "Description": "I downloaded the Nxt.Net library from CodePlex and it's working fantastic.\n \nHowever, as I'm polling the device on an ongoing basis, I randomly get Unhanded Exceptions raised and my application crashes:\n \nSystem.IO.IOException was unhandled\n  Message=\"Parsing the received data failed: Unexpected return command: 13\"\n  Source=\"NxtNet.DesktopLib\"\n  StackTrace:\n       at NxtNet.Nxt.OnDataReceived(Object sender, SerialDataReceivedEventArgs e)\n       at System.IO.Ports.SerialPort.CatchReceivedEvents(Object src, SerialDataReceivedEventArgs e)\n       at System.IO.Ports.SerialStream.EventLoopRunner.CallReceiveEvents(Object state)\n       at System.Threading._ThreadPoolWaitCallback.WaitCallback_Context(Object state)\n       at System.Threading.ExecutionContext.Run(ExecutionContext executionContext, ContextCallback callback, Object state)\n       at System.Threading._ThreadPoolWaitCallback.PerformWaitCallbackInternal(_ThreadPoolWaitCallback tpWaitCallBack)\n       at System.Threading._ThreadPoolWaitCallback.PerformWaitCallback(Object state)\n  InnerException: System.IO.InvalidDataException\n       Message=\"Unexpected return command: 13\"\n       Source=\"NxtNet.DesktopLib\"\n       StackTrace:\n            at NxtNet.Nxt.OnDataReceived(Object sender, SerialDataReceivedEventArgs e)\n       InnerException: \n \nThe integer value of the unexpected command can change.",
    "LastUpdatedDate": "2013-02-14T10:59:07.197-08:00",
    "PlannedForRelease": "",
    "ReleaseVisibleToPublic": false,
    "Priority": {
      "Name": "Low",
      "Severity": 50,
      "Id": 1
    },
    "ProjectName": "NxtNet",
    "ReportedDate": "2010-05-25T22:31:19.217-07:00",
    "Status": {
      "Name": "Proposed",
      "Id": 1
    },
    "ReasonClosed": {
      "Name": "Unassigned"
    },
    "Summary": "Parsing the received data failed: Unexpected return command: 13",
    "Type": {
      "Name": "Issue",
      "Id": 3
    },
    "VoteCount": 1,
    "Id": 6740
  },
  "FileAttachments": [],
  "Comments": []
}