[
  {
    "Id": "0",
    "Name": "Version 1.0.0.0",
    "DevelopmentStatus": "Alpha",
    "Description": "This is the initial published version of the project. Contains:\n* The debug version of the compiled library, desktop and mobile applications.\n* Complete CHM documentation for the desktop and mobile libraries.\n* Sample code snippets from the desktop and mobile applications to help you getting started with NXT.NET.\n\n*Changes May 26 2010:*\n* Source code is published as a separate ZIP file.",
    "ReleasedDatge": "0001-01-01T00:00:00",
    "ModifiedDate": "2010-05-25T22:26:43.97-07:00",
    "Files": [
      {
        "Id": "c37fc15c-24dc-43b9-bf80-81cb0356d0ac",
        "FileName": "NxtNet Release 1.0.0.0 (Debug).zip",
        "Url": "./0/c37fc15c-24dc-43b9-bf80-81cb0356d0ac",
        "Type": "Application",
        "UploadDate": "2008-04-18T05:26:47.99-07:00"
      },
      {
        "Id": "30b6e9ec-453a-4471-a46f-628307ed2d70",
        "FileName": "NxtNet_Release_1.0.0.0_(Source).zip",
        "Url": "./0/30b6e9ec-453a-4471-a46f-628307ed2d70",
        "Type": "Source Code",
        "UploadDate": "2010-05-25T22:25:42.16-07:00"
      }
    ]
  }
]