[
  {
    "Title": "Home",
    "Id": "273452",
    "ParentWikiTitle": "Home",
    "FileExtension": "codeplexwiki",
    "UpdatedDate": "2010-05-25T22:29:59.77-07:00",
    "FileAttachments": []
  },
  {
    "Title": "Library Help Screenshots",
    "Id": "86734",
    "ParentWikiTitle": "Home",
    "FileExtension": "codeplexwiki",
    "UpdatedDate": "2008-04-18T05:50:23.003-07:00",
    "FileAttachments": [
      {
        "Id": "006ca6d2-ffa1-428a-b399-a4fc06842f75",
        "FileName": "NxtNet_Library_Help.png",
        "DownloadUri": "./86734/006ca6d2-ffa1-428a-b399-a4fc06842f75"
      }
    ]
  },
  {
    "Title": "Mobile Screenshots",
    "Id": "86714",
    "ParentWikiTitle": "Home",
    "FileExtension": "codeplexwiki",
    "UpdatedDate": "2008-04-18T05:03:19.277-07:00",
    "FileAttachments": [
      {
        "Id": "0fbef0e7-afd3-45f6-a13d-d73c835a54d2",
        "FileName": "NxtNet_MobileApp_VS.png",
        "DownloadUri": "./86714/0fbef0e7-afd3-45f6-a13d-d73c835a54d2"
      }
    ]
  },
  {
    "Title": "Desktop Screenshots",
    "Id": "86711",
    "ParentWikiTitle": "Home",
    "FileExtension": "codeplexwiki",
    "UpdatedDate": "2008-04-18T05:01:47.363-07:00",
    "FileAttachments": [
      {
        "Id": "e7b17d5b-8acf-44ed-a102-4f3e3fed9619",
        "FileName": "NxtNet_DesktopApp_VS.png",
        "DownloadUri": "./86711/e7b17d5b-8acf-44ed-a102-4f3e3fed9619"
      }
    ]
  }
]
